?,Ceanur Fon,1,securan-leader1.png,securan,?,?,?,?,?,?,?,?,?,?,?
?,Kir Grunionlis,1,securan-leader2.png,securan,?,?,?,?,?,?,?,?,?,?,?
?,Hen Voh,1,securan-leader3.png,securan,?,?,?,?,?,?,?,?,?,?,?
?,Foshnil Fielvanthego,1,securan-leader4.png,securan,?,?,?,?,?,?,?,?,?,?,?
?,Thedviachin Villunnor,1,securan-leader1.png,securan,?,?,?,?,?,?,?,?,?,?,?
?,Thirguli Nissar,1,securan-leader2.png,securan,?,?,?,?,?,?,?,?,?,?,?
?,Eamogilvur Dovuglil,1,securan-leader3.png,securan,?,?,?,?,?,?,?,?,?,?,?
?,Kum Grar,1,securan-leader4.png,securan,?,?,?,?,?,?,?,?,?,?,?
?,Than Sel,1,securan-leader1.png,securan,?,?,?,?,?,?,?,?,?,?,?
?,Kossuge Gegreilas,1,securan-leader2.png,securan,?,?,?,?,?,?,?,?,?,?,?
?,Fil Gres,1,securan-leader3.png,securan,?,?,?,?,?,?,?,?,?,?,?
?,Lal Sol,1,securan-leader4.png,securan,?,?,?,?,?,?,?,?,?,?,?
?,Kelas Grem,1,securan-leader1.png,securan,?,?,?,?,?,?,?,?,?,?,?
?,Isavalvun Thogu,1,securan-leader2.png,securan,?,?,?,?,?,?,?,?,?,?,?
?,Leadveam Tis,1,securan-leader3.png,securan,?,?,?,?,?,?,?,?,?,?,?
?,Thitarass Ulhnilvros,1,securan-leader4.png,securan,?,?,?,?,?,?,?,?,?,?,?
?,Thuyian Thikardlu,1,securan-leader1.png,securan,?,?,?,?,?,?,?,?,?,?,?
?,Nus Shas,1,securan-leader2.png,securan,?,?,?,?,?,?,?,?,?,?,?
?,Essicesies Thave,1,securan-leader3.png,securan,?,?,?,?,?,?,?,?,?,?,?
?,Onresreir Voh,1,securan-leader4.png,securan,?,?,?,?,?,?,?,?,?,?,?
?,Thennesiass Zeromnar,2,securan-diplomat1.png,securan,?,?,?,?,?,?,?,?,?,?,?
?,Vogoras Zalhrerior,2,securan-diplomat2.png,securan,?,?,?,?,?,?,?,?,?,?,?
?,Krestalim Zelmoruh,2,securan-diplomat3.png,securan,?,?,?,?,?,?,?,?,?,?,?
?,Mendrel Uranson,2,securan-diplomat4.png,securan,?,?,?,?,?,?,?,?,?,?,?
?,Sion Vilennor,2,securan-diplomat1.png,securan,?,?,?,?,?,?,?,?,?,?,?
?,Fess Thioyainih,2,securan-diplomat2.png,securan,?,?,?,?,?,?,?,?,?,?,?
?,Vess Was,2,securan-diplomat3.png,securan,?,?,?,?,?,?,?,?,?,?,?
?,Krelnan Yar,2,securan-diplomat4.png,securan,?,?,?,?,?,?,?,?,?,?,?
?,Thightus Gegreilas,2,securan-diplomat1.png,securan,?,?,?,?,?,?,?,?,?,?,?
?,Kuyuye Thikardlu,2,securan-diplomat2.png,securan,?,?,?,?,?,?,?,?,?,?,?
?,Ilnegear Fal,2,securan-diplomat3.png,securan,?,?,?,?,?,?,?,?,?,?,?
?,Thiarar Thar,2,securan-diplomat4.png,securan,?,?,?,?,?,?,?,?,?,?,?
?,Eshnas Kogelvra,2,securan-diplomat1.png,securan,?,?,?,?,?,?,?,?,?,?,?
?,Kran Fal,2,securan-diplomat2.png,securan,?,?,?,?,?,?,?,?,?,?,?
?,Vahass Thikardlu,2,securan-diplomat3.png,securan,?,?,?,?,?,?,?,?,?,?,?
?,Kuss Zeclosle,2,securan-diplomat4.png,securan,?,?,?,?,?,?,?,?,?,?,?
?,Vogigyahol Thave,2,securan-diplomat1.png,securan,?,?,?,?,?,?,?,?,?,?,?
?,Siesvar Zhes,2,securan-diplomat2.png,securan,?,?,?,?,?,?,?,?,?,?,?
?,Dumum Sulhnesses,2,securan-diplomat3.png,securan,?,?,?,?,?,?,?,?,?,?,?
?,Thedviachin Thogu,2,securan-diplomat4.png,securan,?,?,?,?,?,?,?,?,?,?,?
?,Phohu Thikardlu,3,securan-diplomat1.png,securan,?,?,?,?,?,?,?,?,?,?,?
?,Thierijel Thogu,3,securan-diplomat2.png,securan,?,?,?,?,?,?,?,?,?,?,?
?,Landreteaghros Thikardlu,3,securan-diplomat3.png,securan,?,?,?,?,?,?,?,?,?,?,?
?,Dulhnonhonran Thikardlu,3,securan-diplomat4.png,securan,?,?,?,?,?,?,?,?,?,?,?
?,Thitarass Thikardlu,3,securan-diplomat1.png,securan,?,?,?,?,?,?,?,?,?,?,?
?,Naldlas Thikardlu,3,securan-diplomat2.png,securan,?,?,?,?,?,?,?,?,?,?,?
?,Ihiogullor Thogu,3,securan-diplomat3.png,securan,?,?,?,?,?,?,?,?,?,?,?
?,Ariamhoss Celdror,3,securan-diplomat4.png,securan,?,?,?,?,?,?,?,?,?,?,?
?,Nudriemes Thogu,3,securan-diplomat1.png,securan,?,?,?,?,?,?,?,?,?,?,?
?,Iglulal Thikardlu,3,securan-diplomat2.png,securan,?,?,?,?,?,?,?,?,?,?,?
?,Urgan Zalhrerior,3,securan-diplomat3.png,securan,?,?,?,?,?,?,?,?,?,?,?
?,Evian Thikardlu,3,securan-diplomat4.png,securan,?,?,?,?,?,?,?,?,?,?,?
?,Thuyian Zhas,3,securan-diplomat1.png,securan,?,?,?,?,?,?,?,?,?,?,?
?,Eardlios Thikardlu,3,securan-diplomat2.png,securan,?,?,?,?,?,?,?,?,?,?,?
?,Eshnas Zhas,3,securan-diplomat3.png,securan,?,?,?,?,?,?,?,?,?,?,?
?,Aldru Thikardlu,3,securan-diplomat4.png,securan,?,?,?,?,?,?,?,?,?,?,?
?,Ardlesan Thikardlu,3,securan-diplomat1.png,securan,?,?,?,?,?,?,?,?,?,?,?
?,Veagiejil Thikardlu,3,securan-diplomat2.png,securan,?,?,?,?,?,?,?,?,?,?,?
?,Koss Zhogrolleh,3,securan-diplomat3.png,securan,?,?,?,?,?,?,?,?,?,?,?
?,Zimveal Thikardlu,3,securan-diplomat4.png,securan,?,?,?,?,?,?,?,?,?,?,?
?,Cenmohas Vess,4,securan-admiral1.png,securan,?,?,?,?,?,?,?,?,?,?,?
?,Ardlesan Fon,4,securan-admiral2.png,securan,?,?,?,?,?,?,?,?,?,?,?
?,Ilnegear Ger,4,securan-admiral3.png,securan,?,?,?,?,?,?,?,?,?,?,?
?,Thedviachin Thar,4,securan-admiral4.png,securan,?,?,?,?,?,?,?,?,?,?,?
?,Fil Gres,4,securan-admiral1.png,securan,?,?,?,?,?,?,?,?,?,?,?
?,Kes Zallus,4,securan-admiral2.png,securan,?,?,?,?,?,?,?,?,?,?,?
?,Kir Ses,4,securan-admiral3.png,securan,?,?,?,?,?,?,?,?,?,?,?
?,Thennosiass Fien,4,securan-admiral4.png,securan,?,?,?,?,?,?,?,?,?,?,?
?,Kelas Vilunnor,4,securan-admiral1.png,securan,?,?,?,?,?,?,?,?,?,?,?
?,Koss Oslelmi,4,securan-admiral2.png,securan,?,?,?,?,?,?,?,?,?,?,?
?,Lal Grellvudur,4,securan-admiral3.png,securan,?,?,?,?,?,?,?,?,?,?,?
?,Hon Vomandlus,4,securan-admiral4.png,securan,?,?,?,?,?,?,?,?,?,?,?
?,Thuyian Shon,4,securan-admiral1.png,securan,?,?,?,?,?,?,?,?,?,?,?
?,Ihiogullor Lein,4,securan-admiral2.png,securan,?,?,?,?,?,?,?,?,?,?,?
?,Krestalim Fal,4,securan-admiral3.png,securan,?,?,?,?,?,?,?,?,?,?,?
?,Hen Zelli,4,securan-admiral4.png,securan,?,?,?,?,?,?,?,?,?,?,?
?,Leadveam Diahhas,4,securan-admiral1.png,securan,?,?,?,?,?,?,?,?,?,?,?
?,Than Faluli,4,securan-admiral2.png,securan,?,?,?,?,?,?,?,?,?,?,?
?,Isavalvun Zhes,4,securan-admiral3.png,securan,?,?,?,?,?,?,?,?,?,?,?
?,Kran Thogu,4,securan-admiral4.png,securan,?,?,?,?,?,?,?,?,?,?,?
?,Vess Falnuka,5,securan-general1.png,securan,?,?,?,?,?,?,?,?,?,?,?
?,Thightus Voh,5,securan-general2.png,securan,?,?,?,?,?,?,?,?,?,?,?
?,Thedviachin Gegreilas,5,securan-general3.png,securan,?,?,?,?,?,?,?,?,?,?,?
?,Kum Thikardlu,5,securan-general4.png,securan,?,?,?,?,?,?,?,?,?,?,?
?,Thennosiass Sor,5,securan-general1.png,securan,?,?,?,?,?,?,?,?,?,?,?
?,Lal Zhas,5,securan-general2.png,securan,?,?,?,?,?,?,?,?,?,?,?
?,Thightus Thirguli,5,securan-general3.png,securan,?,?,?,?,?,?,?,?,?,?,?
?,Neastendier Zel,5,securan-general4.png,securan,?,?,?,?,?,?,?,?,?,?,?
?,Thiarar Zhel,5,securan-general1.png,securan,?,?,?,?,?,?,?,?,?,?,?
?,Eamogilvur Zinvuyo,5,securan-general2.png,securan,?,?,?,?,?,?,?,?,?,?,?
?,Ihiogullor Thorliollar,5,securan-general3.png,securan,?,?,?,?,?,?,?,?,?,?,?
?,Kreyayiosthan Thave,5,securan-general4.png,securan,?,?,?,?,?,?,?,?,?,?,?
?,Esraclos Zhas,5,securan-general1.png,securan,?,?,?,?,?,?,?,?,?,?,?
?,Fil Vilunnor,5,securan-general2.png,securan,?,?,?,?,?,?,?,?,?,?,?
?,Thiter Kossuge,5,securan-general3.png,securan,?,?,?,?,?,?,?,?,?,?,?
?,Thedviachin Inaya,5,securan-general4.png,securan,?,?,?,?,?,?,?,?,?,?,?
?,Eallolus Thogu,5,securan-general1.png,securan,?,?,?,?,?,?,?,?,?,?,?
?,Thitarass Ger,5,securan-general2.png,securan,?,?,?,?,?,?,?,?,?,?,?
?,Kes Thogu,5,securan-general3.png,securan,?,?,?,?,?,?,?,?,?,?,?
?,Fess Zhes,5,securan-general4.png,securan,?,?,?,?,?,?,?,?,?,?,?
?,Thennosiass Sheigloldol,6,securan-spy1.png,securan,?,?,?,?,?,?,?,?,?,?,?
?,Thedviachin Thar,6,securan-spy2.png,securan,?,?,?,?,?,?,?,?,?,?,?
?,Krelsorliosom Thave,6,securan-spy3.png,securan,?,?,?,?,?,?,?,?,?,?,?
?,Thightus Thogu,6,securan-spy4.png,securan,?,?,?,?,?,?,?,?,?,?,?
?,Cem Thikardlu,6,securan-spy1.png,securan,?,?,?,?,?,?,?,?,?,?,?
?,Lal Thogu,6,securan-spy2.png,securan,?,?,?,?,?,?,?,?,?,?,?
?,Thennosiass Thar,6,securan-spy3.png,securan,?,?,?,?,?,?,?,?,?,?,?
?,Thitarass Thikardlu,6,securan-spy4.png,securan,?,?,?,?,?,?,?,?,?,?,?
?,Kelas Thogu,6,securan-spy1.png,securan,?,?,?,?,?,?,?,?,?,?,?
?,Krestalim Thikardlu,6,securan-spy2.png,securan,?,?,?,?,?,?,?,?,?,?,?
?,Thuyian Zhas,6,securan-spy3.png,securan,?,?,?,?,?,?,?,?,?,?,?
?,Thedviachin Thikardlu,6,securan-spy4.png,securan,?,?,?,?,?,?,?,?,?,?,?
?,Isavalvun Zhas,6,securan-spy1.png,securan,?,?,?,?,?,?,?,?,?,?,?
?,Kreyayiosthan Thar,6,securan-spy2.png,securan,?,?,?,?,?,?,?,?,?,?,?
?,Esraclos Vilunnor,6,securan-spy3.png,securan,?,?,?,?,?,?,?,?,?,?,?
?,Fil Zhel,6,securan-spy4.png,securan,?,?,?,?,?,?,?,?,?,?,?
?,Thiter Thogu,6,securan-spy1.png,securan,?,?,?,?,?,?,?,?,?,?,?
?,Thennosiass Thirguli,6,securan-spy2.png,securan,?,?,?,?,?,?,?,?,?,?,?
?,Lal Thave,6,securan-spy3.png,securan,?,?,?,?,?,?,?,?,?,?,?
?,Thightus Zel,6,securan-spy4.png,securan,?,?,?,?,?,?,?,?,?,?,?
?,Cioldrioghto Fielvanthego,7,securan-scientist1.png,securan,?,?,?,?,?,?,?,?,?,?,?
?,Thedviachin Dirir,7,securan-scientist2.png,securan,?,?,?,?,?,?,?,?,?,?,?
?,Thennvirgam Gegreilas,7,securan-scientist3.png,securan,?,?,?,?,?,?,?,?,?,?,?
?,Des Falnuka,7,securan-scientist4.png,securan,?,?,?,?,?,?,?,?,?,?,?
?,Ardlesan Vilnirol,7,securan-scientist1.png,securan,?,?,?,?,?,?,?,?,?,?,?
?,Kossuge Ger,7,securan-scientist2.png,securan,?,?,?,?,?,?,?,?,?,?,?
?,Ilnegear Sol,7,securan-scientist3.png,securan,?,?,?,?,?,?,?,?,?,?,?
?,Dumum Toghos,7,securan-scientist4.png,securan,?,?,?,?,?,?,?,?,?,?,?
?,Ceanur Thorliollar,7,securan-scientist1.png,securan,?,?,?,?,?,?,?,?,?,?,?
?,Krenan Zalhrerior,7,securan-scientist2.png,securan,?,?,?,?,?,?,?,?,?,?,?
?,Esraclos Valnirol,7,securan-scientist3.png,securan,?,?,?,?,?,?,?,?,?,?,?
?,Dum Vomandlus,7,securan-scientist4.png,securan,?,?,?,?,?,?,?,?,?,?,?
?,Krelnan Geellmiosil,7,securan-scientist1.png,securan,?,?,?,?,?,?,?,?,?,?,?
?,Kuss Seis,7,securan-scientist2.png,securan,?,?,?,?,?,?,?,?,?,?,?
?,Thightus Zevithuh,7,securan-scientist3.png,securan,?,?,?,?,?,?,?,?,?,?,?
?,Fil Shas,7,securan-scientist4.png,securan,?,?,?,?,?,?,?,?,?,?,?
?,Ihiogullor Thave,7,securan-scientist1.png,securan,?,?,?,?,?,?,?,?,?,?,?
?,Thuyian Shes,7,securan-scientist2.png,securan,?,?,?,?,?,?,?,?,?,?,?
?,Hen Thogu,7,securan-scientist3.png,securan,?,?,?,?,?,?,?,?,?,?,?
?,Kelslas Jese,7,securan-scientist4.png,securan,?,?,?,?,?,?,?,?,?,?,?
?,Thedviachin Wissirum,8,securan-pirate1.png,securan,?,?,?,?,?,?,?,?,?,?,?
?,Kum Thar,8,securan-pirate2.png,securan,?,?,?,?,?,?,?,?,?,?,?
?,Lal Zhas,8,securan-pirate3.png,securan,?,?,?,?,?,?,?,?,?,?,?
?,Kes Vigastor,8,securan-pirate4.png,securan,?,?,?,?,?,?,?,?,?,?,?
?,Thedviachin Zallus,8,securan-pirate1.png,securan,?,?,?,?,?,?,?,?,?,?,?
?,Leadveam Ses,8,securan-pirate2.png,securan,?,?,?,?,?,?,?,?,?,?,?
?,Foss Thioyainih,8,securan-pirate3.png,securan,?,?,?,?,?,?,?,?,?,?,?
?,Fellam Thogu,8,securan-pirate4.png,securan,?,?,?,?,?,?,?,?,?,?,?
?,Ham Grom,8,securan-pirate1.png,securan,?,?,?,?,?,?,?,?,?,?,?
?,Kesastar Felvon,8,securan-pirate2.png,securan,?,?,?,?,?,?,?,?,?,?,?
?,Naldlas Shon,8,securan-pirate3.png,securan,?,?,?,?,?,?,?,?,?,?,?
?,Cen Zilmoruh,8,securan-pirate4.png,securan,?,?,?,?,?,?,?,?,?,?,?
?,Eardlios Thirguli,8,securan-pirate1.png,securan,?,?,?,?,?,?,?,?,?,?,?
?,Cem Thikardlu,8,securan-pirate2.png,securan,?,?,?,?,?,?,?,?,?,?,?
?,Thedviachin Zelmoruh,8,securan-pirate3.png,securan,?,?,?,?,?,?,?,?,?,?,?
?,Siesvar Vilunnor,8,securan-pirate4.png,securan,?,?,?,?,?,?,?,?,?,?,?
?,Isavalvun Zhas,8,securan-pirate1.png,securan,?,?,?,?,?,?,?,?,?,?,?
?,Krestalim Thogu,8,securan-pirate2.png,securan,?,?,?,?,?,?,?,?,?,?,?
?,Vogoras Thogu,8,securan-pirate3.png,securan,?,?,?,?,?,?,?,?,?,?,?
?,Ardlesan Zeclosle,8,securan-pirate4.png,securan,?,?,?,?,?,?,?,?,?,?,?
?,Kossuge Thar,9,securan-pirate1.png,securan,?,?,?,?,?,?,?,?,?,?,?
?,Kelas Thioyainih,9,securan-pirate2.png,securan,?,?,?,?,?,?,?,?,?,?,?
?,Thedviachin Zhas,9,securan-pirate3.png,securan,?,?,?,?,?,?,?,?,?,?,?
?,Geass Thogu,9,securan-pirate4.png,securan,?,?,?,?,?,?,?,?,?,?,?
?,Veagiejil Thioyainih,9,securan-pirate1.png,securan,?,?,?,?,?,?,?,?,?,?,?
?,Aldru Thar,9,securan-pirate2.png,securan,?,?,?,?,?,?,?,?,?,?,?
?,Than Thogu,9,securan-pirate3.png,securan,?,?,?,?,?,?,?,?,?,?,?
?,Lal Zhes,9,securan-pirate4.png,securan,?,?,?,?,?,?,?,?,?,?,?
?,Eshnas Thirguli,9,securan-pirate1.png,securan,?,?,?,?,?,?,?,?,?,?,?
?,Less Thogu,9,securan-pirate2.png,securan,?,?,?,?,?,?,?,?,?,?,?
?,Naldlas Thioyainih,9,securan-pirate3.png,securan,?,?,?,?,?,?,?,?,?,?,?
?,Kir Thogu,9,securan-pirate4.png,securan,?,?,?,?,?,?,?,?,?,?,?
?,Kum Zhas,9,securan-pirate1.png,securan,?,?,?,?,?,?,?,?,?,?,?
?,Leadveam Thirguli,9,securan-pirate2.png,securan,?,?,?,?,?,?,?,?,?,?,?
?,Thedviachin Thioyainih,9,securan-pirate3.png,securan,?,?,?,?,?,?,?,?,?,?,?
?,Geaghtam Thogu,9,securan-pirate4.png,securan,?,?,?,?,?,?,?,?,?,?,?
?,Kossuge Zhas,9,securan-pirate1.png,securan,?,?,?,?,?,?,?,?,?,?,?
?,Hen Thar,9,securan-pirate2.png,securan,?,?,?,?,?,?,?,?,?,?,?
?,Irdlehias Thioyainih,9,securan-pirate3.png,securan,?,?,?,?,?,?,?,?,?,?,?
?,Ardlesan Zhas,9,securan-pirate4.png,securan,?,?,?,?,?,?,?,?,?,?,?