?,Ceanur Diahhas,1,hiigaran-leader1.png,hiigaran,?,?,?,?,?,?,?,?,?,?,?
?,Easasves Dirir,1,hiigaran-leader2.png,hiigaran,?,?,?,?,?,?,?,?,?,?,?
?,Cen Felvon,1,hiigaran-leader3.png,hiigaran,?,?,?,?,?,?,?,?,?,?,?
?,Ihiogullor Sulhnesses,1,hiigaran-leader4.png,hiigaran,?,?,?,?,?,?,?,?,?,?,?
?,Fess Ger,1,hiigaran-leader1.png,hiigaran,?,?,?,?,?,?,?,?,?,?,?
?,Kelsin Fien,1,hiigaran-leader2.png,hiigaran,?,?,?,?,?,?,?,?,?,?,?
?,Kossuge Grolhril,1,hiigaran-leader3.png,hiigaran,?,?,?,?,?,?,?,?,?,?,?
?,Thitarass Lior,1,hiigaran-leader4.png,hiigaran,?,?,?,?,?,?,?,?,?,?,?
?,Thedviachin Zhajasha,1,hiigaran-leader1.png,hiigaran,?,?,?,?,?,?,?,?,?,?,?
?,Thirguli Zhas,1,hiigaran-leader2.png,hiigaran,?,?,?,?,?,?,?,?,?,?,?
?,Kum Voh,1,hiigaran-leader3.png,hiigaran,?,?,?,?,?,?,?,?,?,?,?
?,Fil Kilesti,1,hiigaran-leader4.png,hiigaran,?,?,?,?,?,?,?,?,?,?,?
?,Ardlesan Werossan,1,hiigaran-leader1.png,hiigaran,?,?,?,?,?,?,?,?,?,?,?
?,Ilnegear Shunella,1,hiigaran-leader2.png,hiigaran,?,?,?,?,?,?,?,?,?,?,?
?,Thuyian Shunella,1,hiigaran-leader3.png,hiigaran,?,?,?,?,?,?,?,?,?,?,?
?,Less Noyaghar,1,hiigaran-leader4.png,hiigaran,?,?,?,?,?,?,?,?,?,?,?
?,Vogoras Thogu,1,hiigaran-leader1.png,hiigaran,?,?,?,?,?,?,?,?,?,?,?
?,Naldlas Udnuhhem,1,hiigaran-leader2.png,hiigaran,?,?,?,?,?,?,?,?,?,?,?
?,Thighus Valennen,1,hiigaran-leader3.png,hiigaran,?,?,?,?,?,?,?,?,?,?,?
?,Isavalvun Eirrar,1,hiigaran-leader4.png,hiigaran,?,?,?,?,?,?,?,?,?,?,?
?,Krulur Thul,2,hiigaran-diplomat1.png,hiigaran,?,?,?,?,?,?,?,?,?,?,?
?,Urgan Vomandlus,2,hiigaran-diplomat2.png,hiigaran,?,?,?,?,?,?,?,?,?,?,?
?,Nesurrumass Thar,2,hiigaran-diplomat3.png,hiigaran,?,?,?,?,?,?,?,?,?,?,?
?,Krevar Thave,2,hiigaran-diplomat4.png,hiigaran,?,?,?,?,?,?,?,?,?,?,?
?,Kelas Zas,2,hiigaran-diplomat1.png,hiigaran,?,?,?,?,?,?,?,?,?,?,?
?,Aldru Thilshuh,2,hiigaran-diplomat2.png,hiigaran,?,?,?,?,?,?,?,?,?,?,?
?,Thennesiass Thilshuh,2,hiigaran-diplomat3.png,hiigaran,?,?,?,?,?,?,?,?,?,?,?
?,Sion Thoghos,2,hiigaran-diplomat4.png,hiigaran,?,?,?,?,?,?,?,?,?,?,?
?,Geaghtam Thoghos,2,hiigaran-diplomat1.png,hiigaran,?,?,?,?,?,?,?,?,?,?,?
?,Foshnil Sulhnesses,2,hiigaran-diplomat2.png,hiigaran,?,?,?,?,?,?,?,?,?,?,?
?,Lal Thun,2,hiigaran-diplomat3.png,hiigaran,?,?,?,?,?,?,?,?,?,?,?
?,Eallolus Thun,2,hiigaran-diplomat4.png,hiigaran,?,?,?,?,?,?,?,?,?,?,?
?,Leadveam Zel,2,hiigaran-diplomat1.png,hiigaran,?,?,?,?,?,?,?,?,?,?,?
?,Urduss Thogu,2,hiigaran-diplomat2.png,hiigaran,?,?,?,?,?,?,?,?,?,?,?
?,Kir Zhogrolleh,2,hiigaran-diplomat3.png,hiigaran,?,?,?,?,?,?,?,?,?,?,?
?,Thiarar Zhogrolleh,2,hiigaran-diplomat4.png,hiigaran,?,?,?,?,?,?,?,?,?,?,?
?,Dos Zhajasha,2,hiigaran-diplomat1.png,hiigaran,?,?,?,?,?,?,?,?,?,?,?
?,Colir Thogu,2,hiigaran-diplomat2.png,hiigaran,?,?,?,?,?,?,?,?,?,?,?
?,Koss Zhel,2,hiigaran-diplomat3.png,hiigaran,?,?,?,?,?,?,?,?,?,?,?
?,Than Zalhrerior,2,hiigaran-diplomat4.png,hiigaran,?,?,?,?,?,?,?,?,?,?,?
?,Thenvrirgam Zalhrerior,3,hiigaran-diplomat1.png,hiigaran,?,?,?,?,?,?,?,?,?,?,?
?,Ameam Zommosto,3,hiigaran-diplomat2.png,hiigaran,?,?,?,?,?,?,?,?,?,?,?
?,Veagiejil Zommosto,3,hiigaran-diplomat3.png,hiigaran,?,?,?,?,?,?,?,?,?,?,?
?,Dasur Grolhril,3,hiigaran-diplomat4.png,hiigaran,?,?,?,?,?,?,?,?,?,?,?
?,Dummulh Zhil,3,hiigaran-diplomat1.png,hiigaran,?,?,?,?,?,?,?,?,?,?,?
?,Taeliam Zhil,3,hiigaran-diplomat2.png,hiigaran,?,?,?,?,?,?,?,?,?,?,?
?,Thierijel Zas,3,hiigaran-diplomat3.png,hiigaran,?,?,?,?,?,?,?,?,?,?,?
?,Ardlios Zas,3,hiigaran-diplomat4.png,hiigaran,?,?,?,?,?,?,?,?,?,?,?
?,Neathem Thoghos,3,hiigaran-diplomat1.png,hiigaran,?,?,?,?,?,?,?,?,?,?,?
?,Nudriemes Zhil,3,hiigaran-diplomat2.png,hiigaran,?,?,?,?,?,?,?,?,?,?,?
?,Landreteaghros Thilshuh,3,hiigaran-diplomat3.png,hiigaran,?,?,?,?,?,?,?,?,?,?,?
?,Mendrel Zhogrolleh,3,hiigaran-diplomat4.png,hiigaran,?,?,?,?,?,?,?,?,?,?,?
?,Thehios Zalhrerior,3,hiigaran-diplomat1.png,hiigaran,?,?,?,?,?,?,?,?,?,?,?
?,Toss Zel,3,hiigaran-diplomat2.png,hiigaran,?,?,?,?,?,?,?,?,?,?,?
?,Cem Thilshuh,3,hiigaran-diplomat3.png,hiigaran,?,?,?,?,?,?,?,?,?,?,?
?,Eshnas Zhogrolleh,3,hiigaran-diplomat4.png,hiigaran,?,?,?,?,?,?,?,?,?,?,?
?,Colaromun Zalhrerior,3,hiigaran-diplomat1.png,hiigaran,?,?,?,?,?,?,?,?,?,?,?
?,Eamogilvur Zommosto,3,hiigaran-diplomat2.png,hiigaran,?,?,?,?,?,?,?,?,?,?,?
?,Kran Thogu,3,hiigaran-diplomat3.png,hiigaran,?,?,?,?,?,?,?,?,?,?,?
?,Krestalim Valennen,3,hiigaran-diplomat4.png,hiigaran,?,?,?,?,?,?,?,?,?,?,?
?,Ceanur Diahhas,4,hiigaran-admiral1.png,hiigaran,?,?,?,?,?,?,?,?,?,?,?
?,Eshnas Ger,4,hiigaran-admiral2.png,hiigaran,?,?,?,?,?,?,?,?,?,?,?
?,Ardlesan Theclehe,4,hiigaran-admiral3.png,hiigaran,?,?,?,?,?,?,?,?,?,?,?
?,Kum Gordothom,4,hiigaran-admiral4.png,hiigaran,?,?,?,?,?,?,?,?,?,?,?
?,Des Inaya,4,hiigaran-admiral1.png,hiigaran,?,?,?,?,?,?,?,?,?,?,?
?,Kelsas Grunionlis,4,hiigaran-admiral2.png,hiigaran,?,?,?,?,?,?,?,?,?,?,?
?,Urgan Thave,4,hiigaran-admiral3.png,hiigaran,?,?,?,?,?,?,?,?,?,?,?
?,Aldru Grelhrendlim,4,hiigaran-admiral4.png,hiigaran,?,?,?,?,?,?,?,?,?,?,?
?,Lal Vilennor,4,hiigaran-admiral1.png,hiigaran,?,?,?,?,?,?,?,?,?,?,?
?,Fil Thogu,4,hiigaran-admiral2.png,hiigaran,?,?,?,?,?,?,?,?,?,?,?
?,Kelas Ulhnilvros,4,hiigaran-admiral3.png,hiigaran,?,?,?,?,?,?,?,?,?,?,?
?,Kossuge Cuyago,4,hiigaran-admiral4.png,hiigaran,?,?,?,?,?,?,?,?,?,?,?
?,Cem Fien,4,hiigaran-admiral1.png,hiigaran,?,?,?,?,?,?,?,?,?,?,?
?,Krestalim Thirguli,4,hiigaran-admiral2.png,hiigaran,?,?,?,?,?,?,?,?,?,?,?
?,Eallolus Zihas,4,hiigaran-admiral3.png,hiigaran,?,?,?,?,?,?,?,?,?,?,?
?,Kran Folunil,4,hiigaran-admiral4.png,hiigaran,?,?,?,?,?,?,?,?,?,?,?
?,Kuss Sel,4,hiigaran-admiral1.png,hiigaran,?,?,?,?,?,?,?,?,?,?,?
?,Thedviachin Shunella,4,hiigaran-admiral2.png,hiigaran,?,?,?,?,?,?,?,?,?,?,?
?,Hen Valnirol,4,hiigaran-admiral3.png,hiigaran,?,?,?,?,?,?,?,?,?,?,?
?,Thennesiass Shees,4,hiigaran-admiral4.png,hiigaran,?,?,?,?,?,?,?,?,?,?,?
?,Thuyian Valennen,5,hiigaran-general1.png,hiigaran,?,?,?,?,?,?,?,?,?,?,?
?,Isavalvun Gegreilas,5,hiigaran-general2.png,hiigaran,?,?,?,?,?,?,?,?,?,?,?
?,Thightus Zell,5,hiigaran-general3.png,hiigaran,?,?,?,?,?,?,?,?,?,?,?
?,Esraclos Thul,5,hiigaran-general4.png,hiigaran,?,?,?,?,?,?,?,?,?,?,?
?,Less Yul,5,hiigaran-general1.png,hiigaran,?,?,?,?,?,?,?,?,?,?,?
?,Thiarar Uranson,5,hiigaran-general2.png,hiigaran,?,?,?,?,?,?,?,?,?,?,?
?,Leadveam Weloshar,5,hiigaran-general3.png,hiigaran,?,?,?,?,?,?,?,?,?,?,?
?,Krelnan Zinvuyo,5,hiigaran-general4.png,hiigaran,?,?,?,?,?,?,?,?,?,?,?
?,Thitarass Thoghos,5,hiigaran-general1.png,hiigaran,?,?,?,?,?,?,?,?,?,?,?
?,Thendeasandlu Thioyainih,5,hiigaran-general2.png,hiigaran,?,?,?,?,?,?,?,?,?,?,?
?,Naldlas Zalhrerior,5,hiigaran-general3.png,hiigaran,?,?,?,?,?,?,?,?,?,?,?
?,Ulsam Eavodmi,5,hiigaran-general4.png,hiigaran,?,?,?,?,?,?,?,?,?,?,?
?,Vahass Zhas,5,hiigaran-general1.png,hiigaran,?,?,?,?,?,?,?,?,?,?,?
?,Oldlahu Ulhnilvros,5,hiigaran-general2.png,hiigaran,?,?,?,?,?,?,?,?,?,?,?
?,Koss Zihas,5,hiigaran-general3.png,hiigaran,?,?,?,?,?,?,?,?,?,?,?
?,Toss Wam,5,hiigaran-general4.png,hiigaran,?,?,?,?,?,?,?,?,?,?,?
?,Eamogilvur Kijullu,5,hiigaran-general1.png,hiigaran,?,?,?,?,?,?,?,?,?,?,?
?,Lal Valnu,5,hiigaran-general2.png,hiigaran,?,?,?,?,?,?,?,?,?,?,?
?,Dos Falnuka,5,hiigaran-general3.png,hiigaran,?,?,?,?,?,?,?,?,?,?,?
?,Thierijel Thul,5,hiigaran-general4.png,hiigaran,?,?,?,?,?,?,?,?,?,?,?
?,Krevar Zel,6,hiigaran-spy1.png,hiigaran,?,?,?,?,?,?,?,?,?,?,?
?,Dumum Shon,6,hiigaran-spy2.png,hiigaran,?,?,?,?,?,?,?,?,?,?,?
?,Fess Fal,6,hiigaran-spy3.png,hiigaran,?,?,?,?,?,?,?,?,?,?,?
?,Hanriehha Vohheleer,6,hiigaran-spy4.png,hiigaran,?,?,?,?,?,?,?,?,?,?,?
?,Thightus Zas,6,hiigaran-spy1.png,hiigaran,?,?,?,?,?,?,?,?,?,?,?
?,Kir Valnu,6,hiigaran-spy2.png,hiigaran,?,?,?,?,?,?,?,?,?,?,?
?,Kelas Jese,6,hiigaran-spy3.png,hiigaran,?,?,?,?,?,?,?,?,?,?,?
?,Thennvirgam Thul,6,hiigaran-spy4.png,hiigaran,?,?,?,?,?,?,?,?,?,?,?
?,Meatar Thar,6,hiigaran-spy1.png,hiigaran,?,?,?,?,?,?,?,?,?,?,?
?,Ardlesan Faluli,6,hiigaran-spy2.png,hiigaran,?,?,?,?,?,?,?,?,?,?,?
?,Toss Nissar,6,hiigaran-spy3.png,hiigaran,?,?,?,?,?,?,?,?,?,?,?
?,Lal Shudrune,6,hiigaran-spy4.png,hiigaran,?,?,?,?,?,?,?,?,?,?,?
?,Thedenasandlu Shon,6,hiigaran-spy1.png,hiigaran,?,?,?,?,?,?,?,?,?,?,?
?,Thiarar Sheigloldol,6,hiigaran-spy2.png,hiigaran,?,?,?,?,?,?,?,?,?,?,?
?,Leadveam Thikardlu,6,hiigaran-spy3.png,hiigaran,?,?,?,?,?,?,?,?,?,?,?
?,Evian Thoghos,6,hiigaran-spy4.png,hiigaran,?,?,?,?,?,?,?,?,?,?,?
?,Ceanur Zas,6,hiigaran-spy1.png,hiigaran,?,?,?,?,?,?,?,?,?,?,?
?,Aldru Zhallmaghel,6,hiigaran-spy2.png,hiigaran,?,?,?,?,?,?,?,?,?,?,?
?,Sialvrenaror Zelli,6,hiigaran-spy3.png,hiigaran,?,?,?,?,?,?,?,?,?,?,?
?,Thitarass Ulhnilvros,6,hiigaran-spy4.png,hiigaran,?,?,?,?,?,?,?,?,?,?,?
?,Ardlesan Allvomir,7,hiigaran-scientist1.png,hiigaran,?,?,?,?,?,?,?,?,?,?,?
?,Fil Girrio,7,hiigaran-scientist2.png,hiigaran,?,?,?,?,?,?,?,?,?,?,?
?,Eardlios Cunnis,7,hiigaran-scientist3.png,hiigaran,?,?,?,?,?,?,?,?,?,?,?
?,Thedviachin Kelvnirol,7,hiigaran-scientist4.png,hiigaran,?,?,?,?,?,?,?,?,?,?,?
?,Fellam Thul,7,hiigaran-scientist1.png,hiigaran,?,?,?,?,?,?,?,?,?,?,?
?,Thitarass Fien,7,hiigaran-scientist2.png,hiigaran,?,?,?,?,?,?,?,?,?,?,?
?,Thieron Vonnirol,7,hiigaran-scientist3.png,hiigaran,?,?,?,?,?,?,?,?,?,?,?
?,Thilshuh Nissar,7,hiigaran-scientist4.png,hiigaran,?,?,?,?,?,?,?,?,?,?,?
?,Kossuge Gegreilas,7,hiigaran-scientist1.png,hiigaran,?,?,?,?,?,?,?,?,?,?,?
?,Thugyulin Lir,7,hiigaran-scientist2.png,hiigaran,?,?,?,?,?,?,?,?,?,?,?
?,Fess Sor,7,hiigaran-scientist3.png,hiigaran,?,?,?,?,?,?,?,?,?,?,?
?,Thuyian Jiloro,7,hiigaran-scientist4.png,hiigaran,?,?,?,?,?,?,?,?,?,?,?
?,Kesastar Vilnirol,7,hiigaran-scientist1.png,hiigaran,?,?,?,?,?,?,?,?,?,?,?
?,Than Thar,7,hiigaran-scientist2.png,hiigaran,?,?,?,?,?,?,?,?,?,?,?
?,Kum Vogigyahol,7,hiigaran-scientist3.png,hiigaran,?,?,?,?,?,?,?,?,?,?,?
?,Thendreasandlu Fum,7,hiigaran-scientist4.png,hiigaran,?,?,?,?,?,?,?,?,?,?,?
?,Thighus Lomnagih,7,hiigaran-scientist1.png,hiigaran,?,?,?,?,?,?,?,?,?,?,?
?,Thennesiass Thun,7,hiigaran-scientist2.png,hiigaran,?,?,?,?,?,?,?,?,?,?,?
?,Vogoras Ger,7,hiigaran-scientist3.png,hiigaran,?,?,?,?,?,?,?,?,?,?,?
?,Thiamnolu Sulhnesses,7,hiigaran-scientist4.png,hiigaran,?,?,?,?,?,?,?,?,?,?,?
?,Thosondliar Sus,8,hiigaran-pirate1.png,hiigaran,?,?,?,?,?,?,?,?,?,?,?
?,Thinarahlum Vilnu,8,hiigaran-pirate2.png,hiigaran,?,?,?,?,?,?,?,?,?,?,?
?,Ugrol Grunionlis,8,hiigaran-pirate3.png,hiigaran,?,?,?,?,?,?,?,?,?,?,?
?,Themo Olelmi,8,hiigaran-pirate4.png,hiigaran,?,?,?,?,?,?,?,?,?,?,?
?,Kini Gres,8,hiigaran-pirate1.png,hiigaran,?,?,?,?,?,?,?,?,?,?,?
?,Tharlis Allur,8,hiigaran-pirate2.png,hiigaran,?,?,?,?,?,?,?,?,?,?,?
?,Lal Kijullu,8,hiigaran-pirate3.png,hiigaran,?,?,?,?,?,?,?,?,?,?,?
?,Thiamhosil Iessain,8,hiigaran-pirate4.png,hiigaran,?,?,?,?,?,?,?,?,?,?,?
?,Kelas Vogoras,8,hiigaran-pirate1.png,hiigaran,?,?,?,?,?,?,?,?,?,?,?
?,Thilshuh Lilvragar,8,hiigaran-pirate2.png,hiigaran,?,?,?,?,?,?,?,?,?,?,?
?,Thightus Vilnirol,8,hiigaran-pirate3.png,hiigaran,?,?,?,?,?,?,?,?,?,?,?
?,Thogu Gres,8,hiigaran-pirate4.png,hiigaran,?,?,?,?,?,?,?,?,?,?,?
?,Eshnas Girrio,8,hiigaran-pirate1.png,hiigaran,?,?,?,?,?,?,?,?,?,?,?
?,Thien Vohheleer,8,hiigaran-pirate2.png,hiigaran,?,?,?,?,?,?,?,?,?,?,?
?,Thiarar Thul,8,hiigaran-pirate3.png,hiigaran,?,?,?,?,?,?,?,?,?,?,?
?,Than Fum,8,hiigaran-pirate4.png,hiigaran,?,?,?,?,?,?,?,?,?,?,?
?,Thedeasandlu Kijullu,8,hiigaran-pirate1.png,hiigaran,?,?,?,?,?,?,?,?,?,?,?
?,Thiyais Gres,8,hiigaran-pirate2.png,hiigaran,?,?,?,?,?,?,?,?,?,?,?
?,Themo Thun,8,hiigaran-pirate3.png,hiigaran,?,?,?,?,?,?,?,?,?,?,?
?,Thiglolleh Fum,8,hiigaran-pirate4.png,hiigaran,?,?,?,?,?,?,?,?,?,?,?
?,Thendreasandlu Sor,9,hiigaran-pirate1.png,hiigaran,?,?,?,?,?,?,?,?,?,?,?
?,Thave Vigastor,9,hiigaran-pirate2.png,hiigaran,?,?,?,?,?,?,?,?,?,?,?
?,Thugyulin Vilnu,9,hiigaran-pirate3.png,hiigaran,?,?,?,?,?,?,?,?,?,?,?
?,Thilshuh Zallus,9,hiigaran-pirate4.png,hiigaran,?,?,?,?,?,?,?,?,?,?,?
?,Thimhunu Vilnirol,9,hiigaran-pirate1.png,hiigaran,?,?,?,?,?,?,?,?,?,?,?
?,Eamogilvur Thogu,9,hiigaran-pirate2.png,hiigaran,?,?,?,?,?,?,?,?,?,?,?
?,Thighter Zallus,9,hiigaran-pirate3.png,hiigaran,?,?,?,?,?,?,?,?,?,?,?
?,Thirguli Gein,9,hiigaran-pirate4.png,hiigaran,?,?,?,?,?,?,?,?,?,?,?
?,Thesohohol Sulhnesses,9,hiigaran-pirate1.png,hiigaran,?,?,?,?,?,?,?,?,?,?,?
?,Thederiel Vilnirol,9,hiigaran-pirate2.png,hiigaran,?,?,?,?,?,?,?,?,?,?,?
?,Thightus Thun,9,hiigaran-pirate3.png,hiigaran,?,?,?,?,?,?,?,?,?,?,?
?,Thosondliar Jir,9,hiigaran-pirate4.png,hiigaran,?,?,?,?,?,?,?,?,?,?,?
?,Thelonmor Zallus,9,hiigaran-pirate1.png,hiigaran,?,?,?,?,?,?,?,?,?,?,?
?,Thieyais Lilvragar,9,hiigaran-pirate2.png,hiigaran,?,?,?,?,?,?,?,?,?,?,?
?,Thieranu Vilnirol,9,hiigaran-pirate3.png,hiigaran,?,?,?,?,?,?,?,?,?,?,?
?,Thianoltha Vogigyahol,9,hiigaran-pirate4.png,hiigaran,?,?,?,?,?,?,?,?,?,?,?
?,Thiraquh Vilnu,9,hiigaran-pirate1.png,hiigaran,?,?,?,?,?,?,?,?,?,?,?
?,Thedviachin Vilnirol,9,hiigaran-pirate2.png,hiigaran,?,?,?,?,?,?,?,?,?,?,?
?,Thiarar Vilnu,9,hiigaran-pirate3.png,hiigaran,?,?,?,?,?,?,?,?,?,?,?
?,Thirguli Vilnirol,9,hiigaran-pirate4.png,hiigaran,?,?,?,?,?,?,?,?,?,?,?