?,Aakat Asat,1,ylta-leader1.png,ylta,?,?,?,?,?,?,?,?,?,?,?
?,Aksik Atetslat,1,ylta-leader2.png,ylta,?,?,?,?,?,?,?,?,?,?,?
?,Aaridreq Mit,1,ylta-leader3.png,ylta,?,?,?,?,?,?,?,?,?,?,?
?,Attraar Adee,1,ylta-leader4.png,ylta,?,?,?,?,?,?,?,?,?,?,?
?,Neetattrenem Eeler,1,ylta-leader1.png,ylta,?,?,?,?,?,?,?,?,?,?,?
?,Enabsir Keeset,1,ylta-leader2.png,ylta,?,?,?,?,?,?,?,?,?,?,?
?,Neendraakip Hrebpaabs,1,ylta-leader3.png,ylta,?,?,?,?,?,?,?,?,?,?,?
?,Greqek Aader,1,ylta-leader4.png,ylta,?,?,?,?,?,?,?,?,?,?,?
?,Neeks Seetek,1,ylta-leader1.png,ylta,?,?,?,?,?,?,?,?,?,?,?
?,Ahepags Eeles,1,ylta-leader2.png,ylta,?,?,?,?,?,?,?,?,?,?,?
?,Hapehs La,1,ylta-leader3.png,ylta,?,?,?,?,?,?,?,?,?,?,?
?,Meek Neesirnitas,1,ylta-leader4.png,ylta,?,?,?,?,?,?,?,?,?,?,?
?,Aqris Gekess,1,ylta-leader1.png,ylta,?,?,?,?,?,?,?,?,?,?,?
?,Enynbaaq Megad,1,ylta-leader2.png,ylta,?,?,?,?,?,?,?,?,?,?,?
?,Gem Id,1,ylta-leader3.png,ylta,?,?,?,?,?,?,?,?,?,?,?
?,Anded Irex,1,ylta-leader4.png,ylta,?,?,?,?,?,?,?,?,?,?,?
?,Qarahreq Ake,1,ylta-leader1.png,ylta,?,?,?,?,?,?,?,?,?,?,?
?,Gaadsnysybs Gagal,1,ylta-leader2.png,ylta,?,?,?,?,?,?,?,?,?,?,?
?,Edsnadaag Eh,1,ylta-leader3.png,ylta,?,?,?,?,?,?,?,?,?,?,?
?,Hrydegaapel Mit,1,ylta-leader4.png,ylta,?,?,?,?,?,?,?,?,?,?,?
?,Enab Nebseenep,2,ylta-diplomat1.png,ylta,?,?,?,?,?,?,?,?,?,?,?
?,Eraak En,2,ylta-diplomat2.png,ylta,?,?,?,?,?,?,?,?,?,?,?
?,Eemeet Deegat,2,ylta-diplomat3.png,ylta,?,?,?,?,?,?,?,?,?,?,?
?,Aapeebs Eeler,2,ylta-diplomat4.png,ylta,?,?,?,?,?,?,?,?,?,?,?
?,Asrar Gigeep,2,ylta-diplomat1.png,ylta,?,?,?,?,?,?,?,?,?,?,?
?,Asgrygiss Neesirnitas,2,ylta-diplomat2.png,ylta,?,?,?,?,?,?,?,?,?,?,?
?,Beset Raas,2,ylta-diplomat3.png,ylta,?,?,?,?,?,?,?,?,?,?,?
?,Naagageerad Mit,2,ylta-diplomat4.png,ylta,?,?,?,?,?,?,?,?,?,?,?
?,Aps Neesirnitas,2,ylta-diplomat1.png,ylta,?,?,?,?,?,?,?,?,?,?,?
?,Akaalen Aax,2,ylta-diplomat2.png,ylta,?,?,?,?,?,?,?,?,?,?,?
?,Adak Neesirnitas,2,ylta-diplomat3.png,ylta,?,?,?,?,?,?,?,?,?,?,?
?,Kaatrets Ebeetmabigs,2,ylta-diplomat4.png,ylta,?,?,?,?,?,?,?,?,?,?,?
?,Ebebstipiq Keeset,2,ylta-diplomat1.png,ylta,?,?,?,?,?,?,?,?,?,?,?
?,Aleseelaad Neesirnitas,2,ylta-diplomat2.png,ylta,?,?,?,?,?,?,?,?,?,?,?
?,Hrephaameek Adee,2,ylta-diplomat3.png,ylta,?,?,?,?,?,?,?,?,?,?,?
?,Amaaqsraakreeb Aader,2,ylta-diplomat4.png,ylta,?,?,?,?,?,?,?,?,?,?,?
?,Aakeker Teeg,2,ylta-diplomat1.png,ylta,?,?,?,?,?,?,?,?,?,?,?
?,Atet Eeles,2,ylta-diplomat2.png,ylta,?,?,?,?,?,?,?,?,?,?,?
?,Aag Neesirnitas,2,ylta-diplomat3.png,ylta,?,?,?,?,?,?,?,?,?,?,?
?,Neem Ladeberaks,2,ylta-diplomat4.png,ylta,?,?,?,?,?,?,?,?,?,?,?
?,Agraages Egren,3,ylta-diplomat1.png,ylta,?,?,?,?,?,?,?,?,?,?,?
?,Rehpaadeeg Mit,3,ylta-diplomat2.png,ylta,?,?,?,?,?,?,?,?,?,?,?
?,Eeqreen Deedrak,3,ylta-diplomat3.png,ylta,?,?,?,?,?,?,?,?,?,?,?
?,Aaks Neesirnitas,3,ylta-diplomat4.png,ylta,?,?,?,?,?,?,?,?,?,?,?
?,Ara Eeles,3,ylta-diplomat1.png,ylta,?,?,?,?,?,?,?,?,?,?,?
?,Edag Rixex,3,ylta-diplomat2.png,ylta,?,?,?,?,?,?,?,?,?,?,?
?,Ak Neesirnitas,3,ylta-diplomat3.png,ylta,?,?,?,?,?,?,?,?,?,?,?
?,Qrigaglemyls Keenanet,3,ylta-diplomat4.png,ylta,?,?,?,?,?,?,?,?,?,?,?
?,Aakaaled Neesirnitas,3,ylta-diplomat1.png,ylta,?,?,?,?,?,?,?,?,?,?,?
?,Naqaqnyq Eh,3,ylta-diplomat2.png,ylta,?,?,?,?,?,?,?,?,?,?,?
?,Aaqeb Neesirnitas,3,ylta-diplomat3.png,ylta,?,?,?,?,?,?,?,?,?,?,?
?,Neetattrenem Neesirnitas,3,ylta-diplomat4.png,ylta,?,?,?,?,?,?,?,?,?,?,?
?,Etaap Neesirnitas,3,ylta-diplomat1.png,ylta,?,?,?,?,?,?,?,?,?,?,?
?,Asres Ebeetmabigs,3,ylta-diplomat2.png,ylta,?,?,?,?,?,?,?,?,?,?,?
?,Aagips Ebeetmabigs,3,ylta-diplomat3.png,ylta,?,?,?,?,?,?,?,?,?,?,?
?,Aps Neesirnitas,3,ylta-diplomat4.png,ylta,?,?,?,?,?,?,?,?,?,?,?
?,Aqmel Gigeep,3,ylta-diplomat1.png,ylta,?,?,?,?,?,?,?,?,?,?,?
?,Ageqep Ebeetmabigs,3,ylta-diplomat2.png,ylta,?,?,?,?,?,?,?,?,?,?,?
?,Eraak Neesirnitas,3,ylta-diplomat3.png,ylta,?,?,?,?,?,?,?,?,?,?,?
?,Aakeks Aader,3,ylta-diplomat4.png,ylta,?,?,?,?,?,?,?,?,?,?,?
?,Aakaaled Asat,4,ylta-admiral1.png,ylta,?,?,?,?,?,?,?,?,?,?,?
?,Aksik Badisseer,4,ylta-admiral2.png,ylta,?,?,?,?,?,?,?,?,?,?,?
?,Aaridreq Eeles,4,ylta-admiral3.png,ylta,?,?,?,?,?,?,?,?,?,?,?
?,Neeks Keenanet,4,ylta-admiral4.png,ylta,?,?,?,?,?,?,?,?,?,?,?
?,Inen Mit,4,ylta-admiral1.png,ylta,?,?,?,?,?,?,?,?,?,?,?
?,Aaqreeps Ebeetmabigs,4,ylta-admiral2.png,ylta,?,?,?,?,?,?,?,?,?,?,?
?,Ageqep Ehslaps,4,ylta-admiral3.png,ylta,?,?,?,?,?,?,?,?,?,?,?
?,Neetattrenem Qreek,4,ylta-admiral4.png,ylta,?,?,?,?,?,?,?,?,?,?,?
?,Aaks Gigeep,4,ylta-admiral1.png,ylta,?,?,?,?,?,?,?,?,?,?,?
?,Aamabs Kab,4,ylta-admiral2.png,ylta,?,?,?,?,?,?,?,?,?,?,?
?,Aakat Atetslat,4,ylta-admiral3.png,ylta,?,?,?,?,?,?,?,?,?,?,?
?,Ebebstipiq Id,4,ylta-admiral4.png,ylta,?,?,?,?,?,?,?,?,?,?,?
?,Enabs Aata,4,ylta-admiral1.png,ylta,?,?,?,?,?,?,?,?,?,?,?
?,Amaaqsraakreeb Aader,4,ylta-admiral2.png,ylta,?,?,?,?,?,?,?,?,?,?,?
?,Ahepags Keetaaklaat,4,ylta-admiral3.png,ylta,?,?,?,?,?,?,?,?,?,?,?
?,Igyp Lees,4,ylta-admiral4.png,ylta,?,?,?,?,?,?,?,?,?,?,?
?,Aps Qaripiss,4,ylta-admiral1.png,ylta,?,?,?,?,?,?,?,?,?,?,?
?,Eraak Keeset,4,ylta-admiral2.png,ylta,?,?,?,?,?,?,?,?,?,?,?
?,Aseesikaas Raaraq,4,ylta-admiral3.png,ylta,?,?,?,?,?,?,?,?,?,?,?
?,Adak Xaas,4,ylta-admiral4.png,ylta,?,?,?,?,?,?,?,?,?,?,?
?,Neendraakip Xal,5,ylta-general1.png,ylta,?,?,?,?,?,?,?,?,?,?,?
?,Aakatrets Xaad,5,ylta-general2.png,ylta,?,?,?,?,?,?,?,?,?,?,?
?,Aagam Haas,5,ylta-general3.png,ylta,?,?,?,?,?,?,?,?,?,?,?
?,Ehrinem Age,5,ylta-general4.png,ylta,?,?,?,?,?,?,?,?,?,?,?
?,Aapeebs Yb,5,ylta-general1.png,ylta,?,?,?,?,?,?,?,?,?,?,?
?,Aaqeb Aatax,5,ylta-general2.png,ylta,?,?,?,?,?,?,?,?,?,?,?
?,Gem Ytek,5,ylta-general3.png,ylta,?,?,?,?,?,?,?,?,?,?,?
?,Akaalen Irex,5,ylta-general4.png,ylta,?,?,?,?,?,?,?,?,?,?,?
?,Agraages Heg,5,ylta-general1.png,ylta,?,?,?,?,?,?,?,?,?,?,?
?,Ebepteetab Aal,5,ylta-general2.png,ylta,?,?,?,?,?,?,?,?,?,?,?
?,Aaksid Aah,5,ylta-general3.png,ylta,?,?,?,?,?,?,?,?,?,?,?
?,Aakat Xaag,5,ylta-general4.png,ylta,?,?,?,?,?,?,?,?,?,?,?
?,Attraar Xe,5,ylta-general1.png,ylta,?,?,?,?,?,?,?,?,?,?,?
?,Babaq La,5,ylta-general2.png,ylta,?,?,?,?,?,?,?,?,?,?,?
?,Aqris Xeedal,5,ylta-general3.png,ylta,?,?,?,?,?,?,?,?,?,?,?
?,Enynbaaq Xaheh,5,ylta-general4.png,ylta,?,?,?,?,?,?,?,?,?,?,?
?,Ageen Reexax,5,ylta-general1.png,ylta,?,?,?,?,?,?,?,?,?,?,?
?,Aageteet Is,5,ylta-general2.png,ylta,?,?,?,?,?,?,?,?,?,?,?
?,Aqmel Elah,5,ylta-general3.png,ylta,?,?,?,?,?,?,?,?,?,?,?
?,Aakat Qras,5,ylta-general4.png,ylta,?,?,?,?,?,?,?,?,?,?,?
?,Aaks Ageed,6,ylta-spy1.png,ylta,?,?,?,?,?,?,?,?,?,?,?
?,Aaqreeps Raxer,6,ylta-spy2.png,ylta,?,?,?,?,?,?,?,?,?,?,?
?,Amaaqsraakreeb Le,6,ylta-spy3.png,ylta,?,?,?,?,?,?,?,?,?,?,?
?,Ekag Laa,6,ylta-spy4.png,ylta,?,?,?,?,?,?,?,?,?,?,?
?,Eraak Igad,6,ylta-spy1.png,ylta,?,?,?,?,?,?,?,?,?,?,?
?,Aakaaled Lexas,6,ylta-spy2.png,ylta,?,?,?,?,?,?,?,?,?,?,?
?,Apals Eeder,6,ylta-spy3.png,ylta,?,?,?,?,?,?,?,?,?,?,?
?,Aasek Ataal,6,ylta-spy4.png,ylta,?,?,?,?,?,?,?,?,?,?,?
?,Ageqep Qreb,6,ylta-spy1.png,ylta,?,?,?,?,?,?,?,?,?,?,?
?,Asrar Eeles,6,ylta-spy2.png,ylta,?,?,?,?,?,?,?,?,?,?,?
?,Aqris Xe,6,ylta-spy3.png,ylta,?,?,?,?,?,?,?,?,?,?,?
?,Neetattrenem Saare,6,ylta-spy4.png,ylta,?,?,?,?,?,?,?,?,?,?,?
?,Aaps Xaare,6,ylta-spy1.png,ylta,?,?,?,?,?,?,?,?,?,?,?
?,Ahepags Gaha,6,ylta-spy2.png,ylta,?,?,?,?,?,?,?,?,?,?,?
?,Akim Qarahreq,6,ylta-spy3.png,ylta,?,?,?,?,?,?,?,?,?,?,?
?,Enabsir Aatas,6,ylta-spy4.png,ylta,?,?,?,?,?,?,?,?,?,?,?
?,Aks Eera,6,ylta-spy1.png,ylta,?,?,?,?,?,?,?,?,?,?,?
?,Aakaaled Aatax,6,ylta-spy2.png,ylta,?,?,?,?,?,?,?,?,?,?,?
?,Aapeebs Kaateek,6,ylta-spy3.png,ylta,?,?,?,?,?,?,?,?,?,?,?
?,Aaridreq Keeset,6,ylta-spy4.png,ylta,?,?,?,?,?,?,?,?,?,?,?
?,Aakaaled Asres,7,ylta-scientist1.png,ylta,?,?,?,?,?,?,?,?,?,?,?
?,Amaaqsraakreeb Egren,7,ylta-scientist2.png,ylta,?,?,?,?,?,?,?,?,?,?,?
?,Aakeker Eeler,7,ylta-scientist3.png,ylta,?,?,?,?,?,?,?,?,?,?,?
?,Aqris Ir,7,ylta-scientist4.png,ylta,?,?,?,?,?,?,?,?,?,?,?
?,Aaridreq Adee,7,ylta-scientist1.png,ylta,?,?,?,?,?,?,?,?,?,?,?
?,Aaqreeps Le,7,ylta-scientist2.png,ylta,?,?,?,?,?,?,?,?,?,?,?
?,Aksik Keeset,7,ylta-scientist3.png,ylta,?,?,?,?,?,?,?,?,?,?,?
?,Aqmel Ebeetmabigs,7,ylta-scientist4.png,ylta,?,?,?,?,?,?,?,?,?,?,?
?,Aageqep Qedradrel,7,ylta-scientist1.png,ylta,?,?,?,?,?,?,?,?,?,?,?
?,Aasyds Id,7,ylta-scientist2.png,ylta,?,?,?,?,?,?,?,?,?,?,?
?,Atet Ladeberaks,7,ylta-scientist3.png,ylta,?,?,?,?,?,?,?,?,?,?,?
?,Agraages Neesirnitas,7,ylta-scientist4.png,ylta,?,?,?,?,?,?,?,?,?,?,?
?,Aamabs Qreek,7,ylta-scientist1.png,ylta,?,?,?,?,?,?,?,?,?,?,?
?,Apals Mit,7,ylta-scientist2.png,ylta,?,?,?,?,?,?,?,?,?,?,?
?,Aps Eegsreqs,7,ylta-scientist3.png,ylta,?,?,?,?,?,?,?,?,?,?,?
?,Aakat En,7,ylta-scientist4.png,ylta,?,?,?,?,?,?,?,?,?,?,?
?,Aqeb Ybpadrek,7,ylta-scientist1.png,ylta,?,?,?,?,?,?,?,?,?,?,?
?,Aakat Neem,7,ylta-scientist2.png,ylta,?,?,?,?,?,?,?,?,?,?,?
?,Ahepags Reexax,7,ylta-scientist3.png,ylta,?,?,?,?,?,?,?,?,?,?,?
?,Aksik Qaripiss,7,ylta-scientist4.png,ylta,?,?,?,?,?,?,?,?,?,?,?
?,Apals Aaha,8,ylta-pirate1.png,ylta,?,?,?,?,?,?,?,?,?,?,?
?,Ageen Eedas,8,ylta-pirate2.png,ylta,?,?,?,?,?,?,?,?,?,?,?
?,Aaqeb Aax,8,ylta-pirate3.png,ylta,?,?,?,?,?,?,?,?,?,?,?
?,Aghag Kali,8,ylta-pirate4.png,ylta,?,?,?,?,?,?,?,?,?,?,?
?,Aapeebs Raahepsaatyb,8,ylta-pirate1.png,ylta,?,?,?,?,?,?,?,?,?,?,?
?,Agraages Keenanet,8,ylta-pirate2.png,ylta,?,?,?,?,?,?,?,?,?,?,?
?,Ahepags Qreb,8,ylta-pirate3.png,ylta,?,?,?,?,?,?,?,?,?,?,?
?,Aqs Yqen,8,ylta-pirate4.png,ylta,?,?,?,?,?,?,?,?,?,?,?
?,Aakat Qrigaglemyls,8,ylta-pirate1.png,ylta,?,?,?,?,?,?,?,?,?,?,?
?,Aasek Srytradyg,8,ylta-pirate2.png,ylta,?,?,?,?,?,?,?,?,?,?,?
?,Adak Aader,8,ylta-pirate3.png,ylta,?,?,?,?,?,?,?,?,?,?,?
?,Aksek Ereg,8,ylta-pirate4.png,ylta,?,?,?,?,?,?,?,?,?,?,?
?,Aaks Tinakehiq,8,ylta-pirate1.png,ylta,?,?,?,?,?,?,?,?,?,?,?
?,Aakaaled Meek,8,ylta-pirate2.png,ylta,?,?,?,?,?,?,?,?,?,?,?
?,Aps Aareg,8,ylta-pirate3.png,ylta,?,?,?,?,?,?,?,?,?,?,?
?,Aamabs Seetek,8,ylta-pirate4.png,ylta,?,?,?,?,?,?,?,?,?,?,?
?,Aakaaled Qarimdareb,8,ylta-pirate1.png,ylta,?,?,?,?,?,?,?,?,?,?,?
?,Ag Qedaa,8,ylta-pirate2.png,ylta,?,?,?,?,?,?,?,?,?,?,?
?,Aageqep Eera,8,ylta-pirate3.png,ylta,?,?,?,?,?,?,?,?,?,?,?
?,Akim Egik,8,ylta-pirate4.png,ylta,?,?,?,?,?,?,?,?,?,?,?
?,Agraages Leeseh,9,ylta-pirate1.png,ylta,?,?,?,?,?,?,?,?,?,?,?
?,Ageqep Kage,9,ylta-pirate2.png,ylta,?,?,?,?,?,?,?,?,?,?,?
?,Aapeebs Rala,9,ylta-pirate3.png,ylta,?,?,?,?,?,?,?,?,?,?,?
?,Aamabs Aheh,9,ylta-pirate4.png,ylta,?,?,?,?,?,?,?,?,?,?,?
?,Aqmel Ge,9,ylta-pirate1.png,ylta,?,?,?,?,?,?,?,?,?,?,?
?,Ahepags Sihi,9,ylta-pirate2.png,ylta,?,?,?,?,?,?,?,?,?,?,?
?,Aageen Hah,9,ylta-pirate3.png,ylta,?,?,?,?,?,?,?,?,?,?,?
?,Aaqeb Xeedal,9,ylta-pirate4.png,ylta,?,?,?,?,?,?,?,?,?,?,?
?,Aksik Xe,9,ylta-pirate1.png,ylta,?,?,?,?,?,?,?,?,?,?,?
?,Aakaaled Le,9,ylta-pirate2.png,ylta,?,?,?,?,?,?,?,?,?,?,?
?,Aamabs Sataag,9,ylta-pirate3.png,ylta,?,?,?,?,?,?,?,?,?,?,?
?,Aqmel Qedradrel,9,ylta-pirate4.png,ylta,?,?,?,?,?,?,?,?,?,?,?
?,Aasek Gaa,9,ylta-pirate1.png,ylta,?,?,?,?,?,?,?,?,?,?,?
?,Adak Megad,9,ylta-pirate2.png,ylta,?,?,?,?,?,?,?,?,?,?,?
?,Akim Kesskass,9,ylta-pirate3.png,ylta,?,?,?,?,?,?,?,?,?,?,?
?,Aakeker Mit,9,ylta-pirate4.png,ylta,?,?,?,?,?,?,?,?,?,?,?
?,Aksik Xaas,9,ylta-pirate1.png,ylta,?,?,?,?,?,?,?,?,?,?,?
?,Aamabs Keetaaklaat,9,ylta-pirate2.png,ylta,?,?,?,?,?,?,?,?,?,?,?
?,Aapeebs Keenanet,9,ylta-pirate3.png,ylta,?,?,?,?,?,?,?,?,?,?,?
?,Aakat Rirag,9,ylta-pirate4.png,ylta,?,?,?,?,?,?,?,?,?,?,?